,RegionName,StateName,5/31/2020,Name,lat,lng
0,United States,,186273,,37.09024,-95.712891
1,"New York, NY",NY,408325,,40.7127753,-74.0059728
2,"Los Angeles-Long Beach-Anaheim, CA",CA,453018,,34.0522166,-118.2436619
3,"Chicago, IL",IL,170954,,41.8781136,-87.6297982
4,"Dallas-Fort Worth, TX",TX,139288,,32.7078751,-96.9209135
5,"Philadelphia, PA",PA,180929,,39.9525839,-75.1652215
6,"Houston, TX",TX,120735,,29.7604267,-95.3698028
7,"Washington, DC",DC,317549,,38.9071923,-77.0368707
8,"Miami-Fort Lauderdale, FL",FL,150458,,26.0742344,-80.1506022
9,"Atlanta, GA",GA,212709,,33.7489954,-84.3879824
10,"Boston, MA",MA,363168,,42.3600825,-71.0588801
11,"San Francisco, CA",CA,706263,,37.7749295,-122.4194155
12,"Detroit, MI",MI,168004,,42.331427,-83.0457538
13,"Riverside, CA",CA,192639,,33.9806005,-117.3754942
14,"Phoenix, AZ",AZ,170916,,33.4483771,-112.0740373
15,"Seattle, WA",WA,385747,,47.6062095,-122.3320708
16,"Minneapolis-St Paul, MN",MN,174838,,44.9374831,-93.20099979999999
17,"San Diego, CA",CA,354365,,32.715738,-117.1610838
18,"St. Louis, MO",MO,99254,,38.6270025,-90.19940419999999
19,"Tampa, FL",FL,116223,,27.950575,-82.4571776
20,"Baltimore, MD",MD,166751,,39.2903848,-76.6121893
21,"Denver, CO",CO,256662,,39.7392358,-104.990251
22,"Pittsburgh, PA",PA,84427,,40.44062479999999,-79.9958864
23,"Portland, OR",OR,321753,,45.5051064,-122.6750261
24,"Charlotte, NC",NC,158315,,35.2270869,-80.8431267
25,"Sacramento, CA",CA,297853,,38.5815719,-121.4943996
26,"San Antonio, TX",TX,102312,,29.4241219,-98.49362819999999
27,"Orlando, FL",FL,109156,,28.5383355,-81.3792365
28,"Cincinnati, OH",OH,102706,,39.1031182,-84.5120196
29,"Cleveland, OH",OH,73055,,41.49932,-81.6943605
30,"Kansas City, MO",MO,111717,,39.0997265,-94.5785667
31,"Las Vegas, NV",NV,130749,,36.1699412,-115.1398296
32,"Columbus, OH",OH,114806,,39.9611755,-82.99879419999999
33,"Indianapolis, IN",IN,95827,,39.768403,-86.158068
34,"San Jose, CA",CA,646426,,37.3382082,-121.8863286
35,"Austin, TX",TX,300129,,30.267153,-97.7430608
36,"Virginia Beach, VA",VA,149443,,36.8529263,-75.97798499999999
37,"Nashville, TN",TN,246331,,36.1626638,-86.7816016
38,"Providence, RI",RI,209360,,41.8239891,-71.4128343
39,"Milwaukee, WI",WI,139884,,43.0389025,-87.9064736
40,"Jacksonville, FL",FL,130544,,30.3321838,-81.65565099999999
41,"Memphis, TN",TN,97246,,35.1495343,-90.0489801
42,"Oklahoma City, OK",OK,67592,,35.4675602,-97.5164276
43,"Louisville-Jefferson County, KY",KY,114443,,38.2526647,-85.7584557
44,"Hartford, CT",CT,70039,,41.7658043,-72.6733723
45,"Richmond, VA",VA,164135,,37.5407246,-77.4360481
46,"New Orleans, LA",LA,97724,,29.95106579999999,-90.0715323
47,"Buffalo, NY",NY,119258,,42.88644679999999,-78.8783689
48,"Raleigh, NC",NC,184716,,35.7795897,-78.6381787
49,"Birmingham, AL",AL,87591,,33.5185892,-86.8103567
50,"Salt Lake City, UT",UT,275311,,40.7607793,-111.8910474
51,"Rochester, NY",NY,105498,,43.15657789999999,-77.6088465
52,"Grand Rapids, MI",MI,175158,,42.9633599,-85.6680863
53,"Tucson, AZ",AZ,155723,,32.2226066,-110.9747108
54,"Urban Honolulu, HI",HI,382599,,21.2765308,-157.8257819
55,"Tulsa, OK",OK,65954,,36.1539816,-95.99277500000001
56,"Fresno, CA",CA,132172,,36.7377981,-119.7871247
57,"Worcester, MA",MA,169685,,42.2625932,-71.8022934
58,"Stamford, CT",CT,166959,,41.0534302,-73.5387341
59,"Albuquerque, NM",NM,147043,,35.0843859,-106.650422
60,"Albany, NY",NY,133675,,42.6525793,-73.7562317
61,"Omaha, NE",NE,108084,,41.2565369,-95.9345034
62,"New Haven, CT",CT,112890,,41.308274,-72.9278835
63,"Bakersfield, CA",CA,109543,,35.3732921,-119.0187125
64,"Knoxville, TN",TN,106820,,35.9606384,-83.9207392
65,"Greenville, SC",SC,119199,,34.85261759999999,-82.3940104
66,"Ventura, CA",CA,360401,,34.2804923,-119.2945199
67,"Allentown, PA",PA,139424,,40.6022939,-75.4714098
68,"El Paso, TX",TX,86173,,31.7618778,-106.4850217
69,"Baton Rouge, LA",LA,103864,,30.4514677,-91.18714659999999
70,"Dayton, OH",OH,53760,,39.7589478,-84.1916069
71,"McAllen, TX",TX,54231,,26.2034071,-98.23001239999999
72,"Columbia, SC",SC,82898,,34.0007104,-81.0348144
73,"Greensboro, NC",NC,79028,,36.0726354,-79.7919754
74,"Akron, OH",OH,66434,,41.0814447,-81.51900529999999
75,"North Port-Sarasota-Bradenton, FL",FL,137452,,27.3959334,-82.5185837
76,"Little Rock, AR",AR,90421,,34.7464809,-92.28959479999999
77,"Stockton, CA",CA,199247,,37.9577016,-121.2907796
78,"Charleston, SC",SC,226145,,32.7764749,-79.93105120000001
79,"Syracuse, NY",NY,93894,,43.0481221,-76.14742439999999
80,"Colorado Springs, CO",CO,220621,,38.8338816,-104.8213634
81,"Wichita, KS",KS,60099,,37.68717609999999,-97.33005299999999
82,"Springfield, MA",MA,139977,,42.1014831,-72.589811
83,"Fort Myers, FL",FL,139019,,26.640628,-81.8723084
84,"Boise City, ID",ID,232538,,43.6150186,-116.2023137
85,"Toledo, OH",OH,51753,,41.6528052,-83.5378674
86,"Madison, WI",WI,182631,,43.0730517,-89.4012302
87,"Lakeland, FL",FL,66296,,28.0394654,-81.9498042
88,"Ogden, UT",UT,196298,,41.223,-111.9738304
89,"Daytona Beach, FL",FL,131261,,29.2108147,-81.0228331
90,"Des Moines, IA",IA,121371,,41.5868353,-93.6249593
91,"Jackson, MS",MS,80292,,32.2987573,-90.1848103
92,"Youngstown, OH",OH,43327,,41.0997803,-80.6495194
93,"Augusta, GA",GA,109155,,33.4734978,-82.0105148
94,"Scranton, PA",PA,83664,,41.408969,-75.66241219999999
95,"Harrisburg, PA",PA,103442,,40.2731911,-76.8867008
96,"Melbourne, FL",FL,108425,,28.0836269,-80.60810889999999
97,"Chattanooga, TN",TN,136103,,35.0456297,-85.3096801
98,"Spokane, WA",WA,165942,,47.6587802,-117.4260465
99,"Provo, UT",UT,258299,,40.2338438,-111.6585337
100,"Lancaster, PA",PA,152404,,40.0378755,-76.3055144
101,"Modesto, CA",CA,207714,,37.6392595,-120.9970014
102,"Portland, ME",ME,244771,,43.6590993,-70.2568189
103,"Durham, NC",NC,172530,,35.9940329,-78.898619
104,"Santa Rosa, CA",CA,466738,,38.440429,-122.7140548
105,"Lexington, KY",KY,115968,,38.0405837,-84.5037164
106,"Lafayette, LA",LA,83555,,30.2240897,-92.0198427
107,"Lansing, MI",MI,87993,,42.732535,-84.5555347
108,"Fayetteville, AR",AR,132979,,36.082156,-94.17185420000001
109,"Pensacola, FL",FL,147867,,30.42130899999999,-87.2169149
110,"Visalia, CA",CA,141121,,36.3302284,-119.2920585
111,"Shreveport, LA",LA,48453,,32.5251516,-93.7501789
112,"Springfield, MO",MO,61146,,37.2089572,-93.29229889999999
113,"York, PA",PA,106609,,39.9625984,-76.727745
114,"Corpus Christi, TX",TX,113467,,27.8005828,-97.39638099999999
115,"Flint, MI",MI,55686,,43.0125274,-83.6874562
116,"Reno, NV",NV,177949,,39.5296329,-119.8138027
117,"Asheville, NC",NC,198902,,35.5950581,-82.5514869
118,"Santa Maria-Santa Barbara, CA",CA,562164,,34.9530337,-120.4357191
119,"Huntsville, AL",AL,79155,,34.7303688,-86.5861037
120,"Fort Wayne, IN",IN,65745,,41.079273,-85.1393513
121,"Salinas, CA",CA,517900,,36.6777372,-121.6555013
122,"Vallejo, CA",CA,283826,,38.1040864,-122.2566367
123,"Mobile, AL",AL,71545,,30.6953657,-88.0398912
124,"Reading, PA",PA,117464,,40.3356483,-75.9268747
125,"Brownsville, TX",TX,90156,,25.9017472,-97.4974838
126,"Killeen, TX",TX,78652,,31.1171194,-97.72779589999999
127,"Canton, OH",OH,71793,,40.79894729999999,-81.378447
128,"Beaumont, TX",TX,79859,,30.080174,-94.1265562
129,"Manchester, NH",NH,145310,,42.9956397,-71.4547891
130,"Salem, OR",OR,196304,,44.9428975,-123.0350963
131,"Anchorage, AK",AK,164761,,61.2180556,-149.9002778
132,"Davenport, IL",IL,82063,,41.5236437,-90.5776367
133,"Peoria, IL",IL,41983,,40.6936488,-89.5889864
134,"Myrtle Beach, SC",SC,100552,,33.6890603,-78.8866943
135,"Montgomery, AL",AL,70402,,32.3792233,-86.3077368
136,"Salisbury, MD",DE,162397,,38.3606736,-75.5993692
137,"Gulfport, MS",MS,76410,,30.3674198,-89.0928155
138,"Tallahassee, FL",FL,137053,,30.4382559,-84.28073289999999
139,"Trenton, NJ",NJ,127040,,40.2205824,-74.759717
140,"Fayetteville, NC",NC,78339,,35.0526641,-78.87835849999999
141,"Hickory, NC",NC,82100,,35.7344538,-81.3444573
142,"Huntington, WV",WV,52495,,38.4192496,-82.44515400000002
143,"Eugene, OR",OR,247949,,44.0520691,-123.0867536
144,"Rockford, IL",IL,54196,,42.2711311,-89.0939952
145,"Savannah, GA",GA,181747,,32.0808989,-81.091203
146,"Ann Arbor, MI",MI,218813,,42.2808256,-83.7430378
147,"Ocala, FL",FL,64498,,29.1871986,-82.14009229999999
148,"Kalamazoo, MI",MI,110018,,42.2917069,-85.5872286
149,"Naples, FL",FL,202336,,26.1420358,-81.7948103
150,"South Bend, IN",IN,74310,,41.6763545,-86.25198979999999
151,"Spartanburg, SC",SC,70090,,34.9495672,-81.9320482
152,"Evansville, IN",IN,56410,,37.9715592,-87.5710898
153,"Kingsport, TN",TN,66614,,36.548434,-82.5618186
154,"Roanoke, VA",VA,96299,,37.2709704,-79.9414266
155,"Green Bay, WI",WI,104756,,44.5133188,-88.0132958
156,"Lincoln, NE",NE,172030,,40.813616,-96.7025955
157,"Fort Collins, CO",CO,274982,,40.5852602,-105.084423
158,"Utica, NY",NY,91888,,43.100903,-75.232664
159,"Columbus, GA",GA,47946,,32.4609764,-84.9877094
160,"Boulder, CO",CO,331525,,40.0149856,-105.2705456
161,"Lubbock, TX",TX,90084,,33.5778631,-101.8551665
162,"Erie, PA",PA,84547,,42.12922409999999,-80.085059
163,"Fort Smith, AR",AR,54649,,35.3859242,-94.39854749999999
164,"Duluth, MN",MN,123084,,46.78667189999999,-92.1004852
165,"Atlantic City, NJ",NJ,123096,,39.3642834,-74.4229266
166,"New London, CT",CT,120218,,41.3556539,-72.0995209
167,"San Luis Obispo, CA",CA,492970,,35.2827524,-120.6596156
168,"Gainesville, FL",FL,91362,,29.6516344,-82.32482619999999
169,"Santa Cruz, CA",CA,566769,,36.9741171,-122.0307963
170,"Cedar Rapids, IA",IA,72802,,41.9778795,-91.6656232
171,"Merced, CA",CA,177129,,37.3021632,-120.4829677
172,"Wilmington, NC",NC,195032,,34.2103894,-77.8868117
173,"Kennewick, WA",WA,189722,,46.2086683,-119.119948
174,"Greeley, CO",CO,274334,,40.4233142,-104.7091322
175,"Waco, TX",TX,82144,,31.549333,-97.1466695
176,"Olympia, WA",WA,301352,,47.0378741,-122.9006951
177,"Amarillo, TX",TX,52318,,35.2219971,-101.8312969
178,"Binghamton, NY",NY,75555,,42.09868669999999,-75.91797380000001
179,"Hagerstown, WV",MD,125892,,39.6417629,-77.71999319999999
180,"Bremerton, WA",WA,336085,,47.5650067,-122.6269768
181,"Laredo, TX",TX,130649,,27.5035613,-99.5075519
182,"Lynchburg, VA",VA,107006,,37.4137536,-79.14224639999999
183,"Yakima, WA",WA,115101,,46.6020711,-120.5058987
184,"Crestview-Fort Walton Beach-Destin, FL",FL,239636,,30.7611484,-86.6611083
185,"Topeka, KS",KS,51680,,39.0473451,-95.67515759999999
186,"Macon-Bibb County, GA",GA,47085,,32.8406946,-83.6324022
187,"Champaign-Urbana, IL",IL,84691,,40.1164204,-88.2433829
188,"Tuscaloosa, AL",AL,112533,,33.2098407,-87.56917349999999
189,"College Station, TX",TX,108526,,30.627977,-96.3344068
190,"Sioux Falls, SD",SD,109011,,43.5460223,-96.731265
191,"Charleston, WV",WV,61440,,38.3498195,-81.6326234
192,"Appleton, WI",WI,97254,,44.2619309,-88.41538469999999
193,"Chico, CA",CA,170479,,39.7284944,-121.8374777
194,"Charlottesville, VA",VA,170114,,38.0293059,-78.47667810000002
195,"Claremont, NH",NH,112005,,43.3728635,-72.33787439999999
196,"Barnstable Town, MA",MA,264939,,41.7003208,-70.3002024
197,"Longview, TX",TX,90942,,32.5007037,-94.74048909999999
198,"Burlington, VT",VT,219698,,44.4758825,-73.21207199999999
199,"Prescott, AZ",AZ,188318,,34.5400242,-112.4685025
200,"Springfield, IL",IL,44440,,39.78172130000001,-89.6501481
201,"Tyler, TX",TX,116671,,32.3512601,-95.30106239999999
202,"Las Cruces, NM",NM,119643,,32.3199396,-106.7636538
203,"Fargo, ND",ND,123666,,46.8771863,-96.7898034
204,"Houma, LA",LA,89273,,29.5957696,-90.71953479999999
205,"Rochester, MN",MN,151018,,44.0121221,-92.4801989
206,"Florence, SC",SC,31363,,34.1954331,-79.7625625
207,"Medford, OR",OR,290220,,42.3265152,-122.8755949
208,"Lafayette-West Lafayette, IN",IN,90684,,40.4258686,-86.90806549999999
209,"Bellingham, WA",WA,266430,,48.7519112,-122.4786854
210,"Lake Havasu City, AZ",AZ,103713,,34.483901,-114.3224548
211,"Saginaw, MI",MI,41753,,43.4194699,-83.9508068
212,"Lake Charles, LA",LA,83595,,30.2265949,-93.2173758
213,"Johnson City, TN",TN,103897,,36.3134397,-82.3534727
214,"Elkhart, IN",IN,85496,,41.6819935,-85.9766671
215,"Yuma, AZ",AZ,106957,,32.6926512,-114.6276916
216,"Racine, WI",WI,138421,,42.7261309,-87.78285230000002
217,"Athens, GA",GA,154136,,33.9519347,-83.357567
218,"Torrington, CT",CT,121211,,41.8003049,-73.1211715
219,"St. Cloud, MN",MN,151564,,45.5579451,-94.16324039999999
220,"Hilton Head Island, SC",SC,322812,,32.216316,-80.752608
221,"Bloomington, IL",IL,82333,,40.4842027,-88.99368729999999
222,"Hilo, HI",HI,236507,,19.7241106,-155.0868193
223,"Panama City, FL",FL,206277,,30.1588129,-85.6602058
224,"Kingston, NY",NY,184209,,41.9270367,-73.9973608
225,"Gainesville, GA",GA,161762,,34.2978794,-83.8240663
226,"Warner Robins, GA",GA,75541,,32.6130007,-83.624201
227,"Blacksburg, VA",VA,114898,,37.2295733,-80.4139393
228,"Jacksonville, NC",NC,93406,,34.7540524,-77.4302414
229,"Redding, CA",CA,154363,,40.5865396,-122.3916754
230,"Monroe, LA",LA,82262,,32.5093109,-92.1193012
231,"Joplin, MO",MO,59751,,37.08422710000001,-94.51328099999999
232,"El Centro, CA",CA,150656,,32.792,-115.5630514
233,"Terre Haute, IN",IN,54690,,39.4667034,-87.41390919999999
234,"Muskegon, MI",MI,93085,,43.2341813,-86.24839209999999
235,"East Stroudsburg, PA",PA,83668,,41.0030522,-75.1817547
236,"Sioux City, IA",IA,64929,,42.4963416,-96.40494079999999
237,"Greenville, NC",NC,47402,,35.612661,-77.3663538
238,"Waterloo, IA",IA,66244,,42.492786,-92.34257749999999
239,"Oshkosh, WI",WI,94226,,44.0247062,-88.5426136
240,"Yuba City, CA",CA,190849,,39.1404477,-121.6169108
241,"Abilene, TX",TX,80867,,32.4487364,-99.73314390000002
242,"Columbia, MO",MO,135359,,38.9517053,-92.3340724
243,"Dover, DE",DE,142996,,39.158168,-75.5243682
244,"Eau Claire, WI",WI,112348,,44.811349,-91.4984941
245,"Janesville, WI",WI,101067,,42.6827885,-89.0187222
246,"Jackson, MI",MI,88416,,42.245869,-84.40134619999999
247,"Punta Gorda, FL",FL,104090,,26.9297836,-82.0453664
248,"Bloomington, IN",IN,132236,,39.165325,-86.52638569999999
249,"Pueblo, CO",CO,89224,,38.2544472,-104.6091409
250,"Billings, MT",MT,175648,,45.7832856,-108.5006904
251,"Bowling Green, KY",KY,88024,,36.9685219,-86.4808043
252,"Bend, OR",OR,309506,,44.0581728,-121.3153096
253,"Albany, GA",GA,69616,,31.5785074,-84.15574099999999
254,"Vineland, NJ",NJ,74417,,39.4863773,-75.02596369999999
255,"Niles, MI",MI,125985,,41.8297694,-86.2541768
256,"Kahului, HI",HI,603331,,20.8893351,-156.4729469
257,"Ottawa, IL",IL,58825,,41.3455892,-88.8425769
258,"State College, PA",PA,176493,,40.7933949,-77.8600012
259,"Bangor, ME",ME,106951,,44.8016128,-68.7712257
260,"Alexandria, LA",LA,57045,,31.3112936,-92.4451371
261,"Decatur, AL",AL,98748,,34.6059253,-86.9833417
262,"Hanford, CA",CA,124894,,36.3274502,-119.6456844
263,"Iowa City, IA",IA,132135,,41.6611277,-91.5301683
264,"Rocky Mount, NC",NC,89694,,35.9382103,-77.7905339
265,"Monroe, MI",MI,94471,,41.9164343,-83.3977101
266,"Wichita Falls, TX",TX,39026,,33.9137085,-98.4933873
267,"Burlington, NC",NC,82081,,36.0956918,-79.43779909999999
268,"Madera, CA",CA,191365,,36.9613356,-120.0607176
269,"Jefferson City, MO",MO,90478,,38.57670170000001,-92.1735164
270,"Chambersburg, PA",PA,134078,,39.9375911,-77.6611022
271,"Texarkana, TX",TX,59334,,33.425125,-94.04768820000001
272,"Elizabethtown, KY",KY,78495,,37.7030646,-85.8649408
273,"Pottsville, PA",PA,57682,,40.6856456,-76.195499
274,"Wheeling, OH",OH,48191,,40.0639616,-80.7209149
275,"Florence, AL",AL,60140,,34.79981,-87.677251
276,"Grand Junction, CO",CO,196772,,39.0638705,-108.5506486
277,"Concord, NH",NH,171356,,43.2081366,-71.5375718
278,"Dothan, AL",AL,44855,,31.2232313,-85.3904888
279,"Santa Fe, NM",NM,327531,,35.6869752,-105.937799
280,"Johnstown, PA",PA,38741,,40.32674069999999,-78.9219698
281,"Traverse City, MI",MI,201526,,44.7630567,-85.62063169999999
282,"Hattiesburg, MS",MS,90123,,31.3271189,-89.29033919999999
283,"Dalton, GA",GA,57388,,34.7698021,-84.9702228
284,"Midland, TX",TX,160338,,31.9973456,-102.0779146
285,"Homosassa Springs, FL",FL,81525,,28.8037059,-82.5761369
286,"Auburn, AL",AL,149514,,32.6098566,-85.48078249999999
287,"Valdosta, GA",GA,86561,,30.8327022,-83.2784851
288,"Coeur d'Alene, ID",ID,300925,,47.6734632,-116.7812225
289,"Springfield, OH",OH,55010,,39.9242266,-83.8088171
290,"St. George, UT",UT,164883,,37.0965278,-113.5684164
291,"Vero Beach, FL",FL,97702,,27.6386434,-80.39727359999999
292,"Odessa, TX",TX,131927,,31.8456816,-102.3676431
293,"Napa, CA",CA,623770,,38.2975381,-122.286865
294,"Tupelo, MS",MS,84378,,34.2576066,-88.7033859
295,"Battle Creek, MI",MI,68214,,42.3211522,-85.17971419999999
296,"Jamestown, NY",NY,91637,,42.0970023,-79.23532589999999
297,"Eureka, CA",CA,248490,,40.8020712,-124.1636729
298,"Rapid City, SD",SD,141693,,44.0805434,-103.2310149
299,"Flagstaff, AZ",AZ,204733,,35.1982836,-111.651302
300,"Lumberton, NC",NC,29840,,34.6182199,-79.0086424
301,"Wausau, WI",WI,84130,,44.9591352,-89.6301221
302,"La Crosse, WI",WI,122630,,43.8137751,-91.25190169999999
303,"Lebanon, PA",PA,139088,,40.3409251,-76.4113497
304,"Idaho Falls, ID",ID,142619,,43.49266069999999,-112.0407584
305,"Sierra Vista, AZ",AZ,105200,,31.5455001,-110.2772856
306,"Pittsfield, MA",MA,146784,,42.4500845,-73.2453824
307,"Lawton, OK",OK,33104,,34.6035669,-98.39592909999999
308,"Farmington, NM",NM,151091,,36.72805830000001,-108.2186856
309,"Jackson, TN",TN,45193,,35.6145169,-88.81394689999999
310,"Morgantown, WV",WV,97100,,39.629526,-79.95589679999999
311,"Glens Falls, NY",NY,121222,,43.3095164,-73.6440058
312,"Winchester, VA",VA,132484,,39.1856597,-78.1633341
313,"St. Joseph, MO",MO,53314,,39.7674578,-94.84668099999999
314,"Altoona, PA",PA,89451,,40.5186809,-78.3947359
315,"New Bern, NC",NC,121115,,35.108493,-77.04411429999999
316,"Carbondale, IL",IL,48507,,37.7272727,-89.2167501
317,"London, KY",KY,49404,,37.1289771,-84.08326459999999
318,"Logan, ID",UT,207633,,41.7369803,-111.8338359
319,"Harrisonburg, VA",VA,139388,,38.4495688,-78.8689155
320,"Beckley, WV",WV,47826,,37.7781702,-81.1881557
321,"Mansfield, OH",OH,38834,,40.75839,-82.5154471
322,"Weirton, OH",OH,43324,,40.3697905,-80.63396379999999
323,"Goldsboro, NC",NC,48511,,35.3848841,-77.9927651
324,"Augusta, ME",ME,154456,,44.3106241,-69.7794897
325,"Hammond, LA",LA,110665,,30.5043583,-90.46119949999999
326,"Jonesboro, AR",AR,59637,,35.84229670000001,-90.704279
327,"Sherman, TX",TX,104153,,33.6356618,-96.6088805
328,"Anniston, AL",AL,48770,,33.6598257,-85.8316318
329,"Staunton, VA",VA,118523,,38.149576,-79.0716958
330,"Muncie, IN",IN,38973,,40.1933767,-85.3863599
331,"Mount Vernon, WA",WA,292644,,48.4201105,-122.3374543
332,"Albany, OR",OR,202198,,44.6365107,-123.1059282
333,"Watertown, NY",NY,101899,,43.9747838,-75.91075649999999
334,"Williamsport, PA",PA,89514,,41.2411897,-77.00107860000001
335,"Cleveland, TN",TN,109409,,35.1595182,-84.8766115
336,"Sheboygan, WI",WI,100014,,43.7508284,-87.71453
337,"Bismarck, ND",ND,120038,,46.8083268,-100.7837392
338,"Owensboro, KY",KY,47444,,37.7719074,-87.1111676
339,"Dunn, NC",NC,70641,,35.3062743,-78.6089028
340,"Wooster, OH",OH,133140,,40.8050565,-81.935143
341,"Morristown, TN",TN,99992,,36.2139814,-83.29489219999999
342,"Kankakee, IL",IL,66831,,41.1200325,-87.8611531
343,"Brunswick, GA",GA,162123,,31.1499528,-81.49148939999999
344,"Ogdensburg, NY",NY,61263,,44.6942291,-75.48633640000001
345,"San Angelo, TX",TX,91654,,31.4637723,-100.4370375
346,"Michigan City, IN",IN,105643,,41.70753939999999,-86.8950297
347,"Holland, MI",MI,158789,,42.7875235,-86.1089301
348,"Wenatchee, WA",WA,248140,,47.4234599,-120.3103494
349,"Lawrence, KS",KS,141708,,38.9716689,-95.2352501
350,"Decatur, IL",IL,37352,,39.8403147,-88.9548001
351,"Missoula, MT",MT,250103,,46.8721284,-113.9940314
352,"Salem, OH",OH,52024,,40.9008923,-80.8567501
353,"Bay City, MI",MI,57850,,43.5944677,-83.8888647
354,"Lewiston, ME",ME,153607,,44.100351,-70.21477639999999
355,"Roseburg, OR",OR,146712,,43.216505,-123.3417381
356,"Sumter, SC",SC,43447,,33.9204354,-80.3414693
357,"Show Low, AZ",AZ,117058,,34.2542084,-110.0298327
358,"Meridian, MS",MS,41600,,32.3643098,-88.703656
359,"Bluefield, WV",WV,38842,,37.2698395,-81.2223195
360,"Danville, VA",VA,38944,,36.5859718,-79.39502279999999
361,"Lima, OH",OH,42697,,40.742551,-84.1052256
362,"Cookeville, TN",TN,86217,,36.162839,-85.5016423
363,"California-Lexington Park, MD",MD,164650,,38.3004029,-76.5074542
364,"Gadsden, AL",AL,64614,,34.014264,-86.0066386
365,"Cumberland, MD",MD,61694,,39.6528654,-78.7625185
366,"Longview, WA",WA,202783,,46.1381676,-122.9381672
367,"Whitewater, WI",WI,128355,,42.83362049999999,-88.7323272
368,"Fond du Lac, WI",WI,82459,,43.7730448,-88.4470508
369,"Ithaca, NY",NY,137463,,42.4439614,-76.5018807
370,"Ashtabula, OH",OH,65395,,41.8650534,-80.7898089
371,"Gettysburg, PA",PA,139325,,39.8309293,-77.2310955
372,"Pine Bluff, AR",AR,35323,,34.2284312,-92.00319549999999
373,"Tullahoma, TN",TN,69718,,35.3620235,-86.20943419999999
374,"Richmond, KY",KY,92987,,37.7478572,-84.2946539
375,"Adrian, MI",MI,123342,,41.8975471,-84.03716589999999
376,"Twin Falls, ID",ID,104977,,42.5558381,-114.4700518
377,"Corning, NY",NY,79890,,42.1428521,-77.05469029999999
378,"Sebring, FL",FL,63238,,27.495592,-81.440907
379,"Truckee, CA",CA,304210,,39.327962,-120.1832533
380,"Paducah, KY",KY,55642,,37.0833893,-88.6000478
381,"Grand Forks, ND",ND,109950,,47.9252568,-97.0328547
382,"Shelby, NC",NC,37623,,35.2923513,-81.5356463
383,"Fairbanks, AK",AK,137085,,64.8377778,-147.7163888
384,"Ocean City, NJ",NJ,188892,,39.2776156,-74.5746001
385,"Mankato, MN",MN,126818,,44.1635775,-93.99939959999999
386,"Rome, GA",GA,76985,,34.257038,-85.1646726
387,"Cape Girardeau, MO",MO,107388,,37.3058839,-89.51814759999999
388,"Hot Springs, AR",AR,99527,,34.5037004,-93.0551795
389,"Greenwood, SC",SC,65024,,34.1954001,-82.1617883
390,"Sunbury, PA",PA,56333,,40.862585,-76.79441039999999
391,"Clarksburg, WV",WV,55512,,39.2806451,-80.34453409999999
392,"Victoria, TX",TX,64935,,28.8052674,-97.0035982
393,"Talladega, AL",AL,57872,,33.4359416,-86.1058048
394,"Dubuque, IA",IA,121706,,42.50226610000001,-90.66546749999999
395,"The Villages, FL",FL,133007,,28.927019,-82.0037608
396,"Albertville, AL",AL,99001,,34.2675937,-86.20886689999999
397,"Manhattan, KS",KS,108031,,39.18360819999999,-96.57166939999999
398,"Parkersburg, WV",WV,59517,,39.2667418,-81.56151349999999
399,"New Philadelphia, OH",OH,73678,,40.4897871,-81.4456706
400,"Orangeburg, SC",SC,36929,,33.4918203,-80.8556476
401,"Cheyenne, WY",WY,167851,,41.1399814,-104.8202462
402,"New Castle, PA",PA,55717,,41.0036719,-80.34700900000001
403,"Brainerd, MN",MN,128033,,46.3526733,-94.2020084
404,"Kalispell, MT",MT,268147,,48.1919889,-114.316813
405,"Sevierville, TN",TN,233891,,35.8681455,-83.56183500000002
406,"Ames, IA",IA,122921,,42.0307812,-93.63191309999999
407,"Bozeman, MT",MT,478394,,45.6769979,-111.0429339
408,"Moses Lake, WA",WA,112804,,47.1301417,-119.2780771
409,"Indiana, PA",PA,98180,,40.6214551,-79.15253489999999
410,"Elmira, NY",NY,56993,,42.0897965,-76.8077338
411,"Meadville, PA",PA,73899,,41.6414438,-80.15144839999999
412,"Beaver Dam, WI",WI,116012,,43.4577692,-88.837329
413,"Pinehurst-Southern Pines, NC",NC,117398,,35.1954345,-79.4694767
414,"Ukiah, CA",CA,335406,,39.1501709,-123.2077831
415,"Hermiston-Pendleton, OR",OR,115974,,45.6678793,-118.7814798
416,"Lufkin, TX",TX,72760,,31.3382406,-94.729097
417,"Zanesville, OH",OH,54919,,39.9403453,-82.0131924
418,"Corvallis, OR",OR,306245,,44.5645659,-123.2620435
419,"Bloomsburg, PA",PA,105017,,41.003698,-76.4549457
420,"Laurel, MS",MS,78928,,31.6940509,-89.1306124
421,"Russellville, AR",AR,58999,,35.2784173,-93.1337856
422,"Branson, MO",MO,81423,,36.6436731,-93.21851439999999
423,"Watertown, WI",WI,153910,,43.1947211,-88.7289918
424,"Midland, MI",MI,81997,,43.6155825,-84.2472116
425,"Opelousas, LA",LA,65621,,30.5335302,-92.081509
426,"Pocatello, ID",ID,124584,,42.8621042,-112.4506191
427,"Kokomo, IN",IN,43163,,40.486427,-86.13360329999999
428,"Grants Pass, OR",OR,230297,,42.4390069,-123.3283925
429,"Huntsville, TX",TX,92882,,30.7235263,-95.55077709999999
430,"Plattsburgh, NY",NY,77774,,44.6994873,-73.4529124
431,"Grand Island, NE",NE,82886,,40.9263957,-98.3420118
432,"DuBois, PA",PA,84321,,41.1210115,-78.7583257
433,"Danville, IL",IL,35104,,40.124481,-87.6300207
434,"Manitowoc, WI",WI,62569,,44.0886059,-87.657584
435,"Great Falls, MT",MT,125654,,47.5052849,-111.3007715
436,"Wilson, NC",NC,29598,,35.7212689,-77.9155395
437,"Cullman, AL",AL,104496,,34.1748208,-86.8436124
438,"Olean, NY",NY,74804,,42.083639,-78.42992699999999
439,"Auburn, NY",NY,99296,,42.9317335,-76.5660529
440,"Portsmouth, OH",OH,42616,,38.7317431,-82.9976742
441,"Athens, TX",TX,78122,,32.2048735,-95.8555207
442,"Oak Harbor, WA",WA,417944,,48.28829469999999,-122.6484205
443,"Chillicothe, OH",OH,79909,,39.3331197,-82.9824019
444,"Hinesville, GA",GA,90410,,31.8315028,-81.6141099
445,"Somerset, PA",PA,73990,,40.008411,-79.0780831
446,"Warsaw, IN",IN,112898,,41.2381,-85.8530469
447,"Stillwater, OK",OK,69831,,36.1156071,-97.0583681
448,"Quincy, IL",IL,61479,,39.9356016,-91.4098726
449,"Keene, NH",NH,147081,,42.933692,-72.2781409
450,"Sandusky, OH",OH,82437,,41.4561754,-82.71168209999999
451,"Searcy, AR",AR,65445,,35.2468204,-91.73368459999999
452,"Columbus, IN",IN,88654,,39.2014404,-85.9213796
453,"Roanoke Rapids, NC",NC,30775,,36.4615395,-77.6541464
454,"Centralia, WA",WA,181860,,46.7162136,-122.9542972
455,"Casper, WY",WY,138351,,42.8500769,-106.3251749
456,"Helena, MT",MT,183156,,46.5891452,-112.0391057
457,"Findlay, OH",OH,95067,,41.04422,-83.6499321
458,"Wisconsin Rapids-Marshfield, WI",WI,59919,,44.38684900000001,-89.798653
459,"Palatka, FL",FL,85684,,29.6485801,-81.6375819
460,"Seneca, SC",SC,110387,,34.6856555,-82.9532036
461,"Mount Airy, NC",NC,71544,,36.4993007,-80.6072858
462,"Glenwood Springs, CO",CO,439982,,39.5505376,-107.3247762
463,"Key West, FL",FL,394824,,24.5550593,-81.7799871
464,"Aberdeen, WA",WA,102627,,46.9753708,-123.8157218
465,"Gallup, NM",NM,126466,,35.5280783,-108.7425843
466,"Port Angeles, WA",WA,210763,,48.118146,-123.4307413
467,"Greenfield Town, MA",MA,145810,,42.587915,-72.5994104
468,"Muskogee, OK",OK,34372,,35.7478769,-95.3696909
469,"Frankfort, KY",KY,69710,,38.2009055,-84.87328350000001
470,"Owosso, MI",MI,49974,,42.9978049,-84.1766358
471,"Mount Pleasant, MI",MI,78201,,43.59780749999999,-84.7675139
472,"Statesboro, GA",GA,106515,,32.4487876,-81.7831674
473,"Marion, IN",IN,26627,,40.5583739,-85.6591442
474,"Stevens Point, WI",WI,86652,,44.52357920000001,-89.574563
475,"Minot, ND",ND,115548,,48.2329668,-101.2922906
476,"Shawnee, OK",OK,35544,,35.3272928,-96.9253004
477,"North Wilkesboro, NC",NC,87971,,36.1584651,-81.1475841
478,"Richmond, IN",IN,49068,,39.8289369,-84.8902382
479,"Greeneville, TN",TN,71089,,36.1631574,-82.83098609999999
480,"Martinsville, VA",VA,32880,,36.6915262,-79.8725386
481,"Forest City, NC",NC,88425,,35.3340108,-81.8651028
482,"Lake City, FL",FL,78397,,30.1896756,-82.6392899
483,"Kapaa, HI",HI,533851,,22.0881391,-159.3379818
484,"Marquette, MI",MI,120058,,46.5436199,-87.3953713
485,"LaGrange, GA",GA,24532,,33.0362218,-85.0322444
486,"Marion, OH",OH,46967,,40.5886699,-83.1285242
487,"Morehead City, NC",NC,153457,,34.7229391,-76.7260436
488,"Klamath Falls, OR",OR,100323,,42.224867,-121.7816704
489,"Marinette, WI",WI,67494,,45.0999849,-87.6306623
490,"Roswell, NM",NM,75379,,33.3942655,-104.5230242
491,"Marshall, TX",TX,93766,,32.5448714,-94.36741839999999
492,"Farmington, MO",MO,47403,,37.7808846,-90.4217895
493,"Charleston, IL",IL,47921,,39.4961458,-88.1761521
494,"Athens, OH",OH,58372,,39.3292396,-82.1012554
495,"Hobbs, NM",NM,89326,,32.7026116,-103.1360403
496,"Clearlake, CA",CA,149300,,38.9582307,-122.6263728
497,"Nacogdoches, TX",TX,75639,,31.6035129,-94.6554874
498,"Hutchinson, KS",KS,35694,,38.0608445,-97.92977429999999
499,"Faribault, MN",MN,186468,,44.2949636,-93.268827
500,"Elizabeth City, NC",NC,93159,,36.2946008,-76.2510461
501,"Ionia, MI",MI,91611,,42.9872547,-85.07111739999999
502,"Alamogordo, NM",NM,84341,,32.8995325,-105.960265
503,"Red Bluff, CA",CA,130988,,40.1784886,-122.2358302
504,"Hudson, NY",NY,192885,,42.2528649,-73.790959
505,"Somerset, KY",KY,77193,,37.0920222,-84.6041084
506,"Coos Bay, OR",OR,156328,,43.3665007,-124.2178903
507,"Walla Walla, WA",WA,137219,,46.0645809,-118.3430208
508,"Sayre, PA",PA,103257,,41.9789631,-76.51549899999999
509,"Oneonta, NY",NY,110640,,42.4528571,-75.0637746
510,"Fort Madison, IA",IA,41782,,40.6297634,-91.31453499999999
511,"Baraboo, WI",WI,83927,,43.4710944,-89.74429060000001
512,"Marietta, OH",OH,62640,,39.41535200000001,-81.45484359999999
513,"Salina, KS",KS,58712,,38.8402805,-97.61142369999999
514,"Rutland, VT",VT,127497,,43.6106237,-72.9726065
515,"Big Stone Gap, VA",VA,38525,,36.8586404,-82.78324889999999
516,"Sturgis, MI",MI,81866,,41.799217,-85.41914820000001
517,"Rio Grande City, TX",TX,64825,,26.3797874,-98.8203046
518,"Fremont, OH",OH,73712,,41.3503303,-83.1218634
519,"Mount Vernon, OH",OH,89658,,40.3933956,-82.4857181
520,"Lewiston, ID",ID,140903,,46.4004089,-117.001189
521,"Shelton, WA",WA,251131,,47.2150945,-123.1007066
522,"Albemarle, NC",NC,53487,,35.3501426,-80.2000578
523,"Enid, OK",OK,17696,,36.3955891,-97.8783911
524,"Jefferson, GA",GA,128127,,34.1170537,-83.5723876
525,"Georgetown, SC",SC,149220,,33.376834,-79.2944964
526,"Laconia, NH",NH,166236,,43.5278546,-71.4703509
527,"Batavia, NY",NY,79569,,42.9981156,-78.1875167
528,"Oxford, NC",NC,127187,,36.3107004,-78.5908345
529,"Norwalk, OH",OH,68688,,41.24255309999999,-82.6157331
530,"Barre, VT",VT,114899,,44.1970055,-72.50204939999999
531,"Kinston, NC",NC,25916,,35.2626635,-77.5816353
532,"Sterling, IL",IL,55233,,41.788642,-89.69621939999999
533,"Palestine, TX",TX,80474,,31.7621153,-95.6307891
534,"Dublin, GA",GA,92702,,32.5404447,-82.90375399999999
535,"Vicksburg, MS",MS,90745,,32.3526456,-90.877882
536,"Point Pleasant, WV",WV,44481,,38.8445251,-82.1370889
537,"Sanford, NC",NC,62059,,35.4798757,-79.1802994
538,"Fergus Falls, MN",MN,133510,,46.2835212,-96.0777887
539,"Tiffin, OH",OH,54612,,41.1144992,-83.1779746
540,"Fairmont, WV",WV,54992,,39.4850848,-80.1425781
541,"Crossville, TN",TN,84154,,35.9489566,-85.0269014
542,"Picayune, MS",MS,74318,,30.5254692,-89.67950839999999
543,"Gloversville, NY",NY,81031,,43.0528506,-74.3437467
544,"Sonora, CA",CA,183544,,37.9829496,-120.3821724
545,"Gaffney, SC",SC,47305,,35.0717945,-81.64981949999999
546,"Carson City, NV",NV,173279,,39.1637984,-119.7674034
547,"Calhoun, GA",GA,96868,,34.502587,-84.9510542
548,"Milledgeville, GA",GA,91601,,33.0801429,-83.2320991
549,"Waycross, GA",GA,55950,,31.2135511,-82.3540178
550,"Oil City, PA",PA,55193,,41.4339484,-79.7064413
551,"Jasper, IN",IN,70683,,38.3914418,-86.9311094
552,"Morgan City, LA",LA,53013,,29.6993748,-91.20676999999999
553,"Eagle Pass, TX",TX,85941,,28.7091433,-100.4995214
554,"Ontario, OR",OR,89716,,44.0265525,-116.9629378
555,"Payson, AZ",AZ,163945,,34.2308684,-111.3251355
556,"McComb, MS",MS,70272,,31.2437872,-90.4531535
557,"Rochelle, IL",IL,61994,,41.9239178,-89.0687073
558,"Scottsboro, AL",AL,58180,,34.6723069,-86.03414629999999
559,"Danville, KY",KY,59750,,37.6456329,-84.77217019999999
560,"Ashland, OH",OH,88264,,40.8686675,-82.3182178
561,"Natchez, MS",MS,94263,,31.5604442,-91.40317100000001
562,"Greenville, OH",OH,60583,,40.1028264,-84.63301150000001
563,"Galesburg, IL",IL,101910,,40.94781580000001,-90.3712395
564,"Warrensburg, MO",MO,105903,,38.7627893,-93.73604979999999
565,"Kearney, NE",NE,93551,,40.69933030000001,-99.0816784
566,"Fort Polk South, LA",LA,46251,,31.0436081,-93.2219164
567,"Fort Leonard Wood, MO",MO,73777,,37.7252315,-92.1646722
568,"Glasgow, KY",KY,66830,,36.9958839,-85.91192149999999
569,"Athens, TN",TN,45602,,35.4428512,-84.5929898
570,"Edwards, CO",CO,405499,,39.644986,-106.5942
571,"Fernley, NV",NV,190624,,39.6079683,-119.2518349
572,"Mason City, IA",IA,60271,,43.1535728,-93.20103669999999
573,"Malone, NY",NY,81559,,44.8486596,-74.29489830000001
574,"Winona, MN",MN,92018,,44.0553908,-91.6663523
575,"Durango, CO",CO,221622,,37.27528,-107.8800667
576,"Platteville, WI",WI,76316,,42.73416,-90.4784621
577,"Boone, NC",NC,140311,,36.216795,-81.6745517
578,"Bartlesville, OK",OK,51396,,36.7473114,-95.98081789999999
579,"Jacksonville, TX",TX,71921,,31.963778,-95.27050419999999
580,"Elko, NV",NV,136822,,40.8324211,-115.7631232
581,"Rexburg, ID",ID,176983,,43.8231096,-111.7924237
582,"Amsterdam, NY",NY,79379,,42.9377453,-74.190356
583,"Enterprise, AL",AL,42294,,31.3151708,-85.85521609999999
584,"Paris, TX",TX,70424,,33.6609389,-95.55551299999999
585,"Kerrville, TX",TX,176985,,30.0474332,-99.1403189
586,"New Castle, IN",IN,44419,,39.928935,-85.3702476
587,"Sidney, OH",OH,73952,,40.2842164,-84.1554987
588,"Cortland, NY",NY,92308,,42.6011813,-76.1804843
589,"Clinton, IA",IA,67836,,41.8444735,-90.1887379
590,"Del Rio, TX",TX,65684,,29.3708857,-100.8958674
591,"Clovis, NM",NM,56111,,34.4047987,-103.2052272
592,"Norfolk, NE",NE,66328,,42.03272339999999,-97.41375529999999
593,"Washington, NC",NC,72908,,35.54655169999999,-77.0521742
594,"Corsicana, TX",TX,95117,,32.0954304,-96.46887269999999
595,"Freeport, IL",IL,40858,,42.2966861,-89.6212271
596,"Burlington, IA",IA,50896,,40.8076529,-91.1128901
597,"Cadillac, MI",MI,74842,,44.2519526,-85.40116189999999
598,"Ardmore, OK",OK,46375,,34.1742611,-97.14362539999999
599,"Kendallville, IN",IN,82859,,41.4414384,-85.2649754
600,"Nogales, AZ",AZ,143100,,31.3403775,-110.9342532
601,"Oxford, MS",MS,103378,,34.3668299,-89.51863499999999
602,"Bogalusa, LA",LA,69668,,30.7910204,-89.8486858
603,"Plymouth, IN",IN,103066,,41.3436554,-86.3097278
604,"Gardnerville Ranchos, NV",NV,314279,,38.8882398,-119.7412875
605,"Tahlequah, OK",OK,50173,,35.91537,-94.969956
606,"Madisonville, KY",KY,38679,,37.32810050000001,-87.4988882
607,"Cañon City, CO",CO,172109,,38.4494063,-105.2253316
608,"Ruston, LA",LA,71518,,32.5232053,-92.63792699999999
609,"Hillsdale, MI",MI,88260,,41.9200472,-84.6305101
610,"Lewistown, PA",PA,65318,,40.5992395,-77.571382
611,"Rockingham, NC",NC,65647,,34.9393201,-79.7739457
612,"Ponca City, OK",OK,25806,,36.706981,-97.0855948
613,"Blytheville, AR",AR,28229,,35.9272953,-89.9189753
614,"Red Wing, MN",MN,137812,,44.5660691,-92.5369563
615,"Shawano, WI",WI,89109,,44.7822064,-88.60899169999999
616,"Cedar City, UT",UT,115087,,37.67747689999999,-113.0618931
617,"Bedford, IN",IN,49418,,38.8611619,-86.4872149
618,"Gillette, WY",WY,182053,,44.2910915,-105.5022205
619,"Newport, OR",OR,205389,,44.6367836,-124.0534505
620,"Wapakoneta, OH",OH,70600,,40.5678265,-84.1935594
621,"Huntingdon, PA",PA,86269,,40.48479589999999,-78.0102813
622,"Bellefontaine, OH",OH,62106,,40.3611643,-83.7596557
623,"McAlester, OK",OK,34495,,34.9334298,-95.76971309999999
624,"Blackfoot, ID",ID,108519,,43.19047090000001,-112.3449773
625,"Moultrie, GA",GA,61326,,31.1799407,-83.7888387
626,"Henderson, NC",NC,24377,,36.3294305,-78.39920099999999
627,"Coldwater, MI",MI,95230,,41.9403263,-85.00052149999999
628,"Harrison, AR",AR,66577,,36.2297936,-93.1076765
629,"Rolla, MO",MO,87084,,37.948544,-91.7715303
630,"Shelbyville, TN",TN,105983,,35.483406,-86.46027169999999
631,"Duncan, OK",OK,36501,,34.5023028,-97.9578128
632,"Marion, NC",NC,83539,,35.6840131,-82.00927449999999
633,"Lewisburg, PA",PA,125620,,40.9645293,-76.8844101
634,"Pullman, WA",WA,141932,,46.7297771,-117.1817377
635,"Thomasville, GA",GA,136295,,30.8365815,-83.9787808
636,"Bemidji, MN",MN,171147,,47.471573,-94.8826861
637,"Mount Sterling, KY",KY,57842,,38.0564679,-83.9432556
638,"Ottumwa, IA",IA,39443,,41.01602930000001,-92.40830220000001
639,"Pahrump, NV",NV,133300,,36.2082943,-115.9839147
640,"Menomonie, WI",WI,122027,,44.8755183,-91.9193422
641,"Selma, AL",AL,33647,,32.4073589,-87.02110069999999
642,"Rock Springs, WY",WY,119238,,41.58746439999999,-109.2029043
643,"Bucyrus, OH",OH,42338,,40.8083909,-82.97546489999999
644,"Bradford, PA",PA,53305,,41.9564953,-78.649163
645,"Bardstown, KY",KY,91892,,37.8092279,-85.46690249999999
646,"Cornelia, GA",GA,117828,,34.5114883,-83.5271166
647,"Burley, ID",ID,98675,,42.5357428,-113.7927948
648,"Big Rapids, MI",MI,76991,,43.6980782,-85.4836557
649,"Poplar Bluff, MO",MO,89586,,36.7569994,-90.392888
650,"Muscatine, IA",IA,69495,,41.424473,-91.0432051
651,"Alma, MI",MI,50967,,43.3789199,-84.6597274
652,"Durant, OK",OK,58591,,33.9924186,-96.39712329999999
653,"Seymour, IN",IN,80762,,38.9592201,-85.8902547
654,"Willmar, MN",MN,95638,,45.1223711,-95.048659
655,"Auburn, IN",IN,88492,,41.3669942,-85.0588575
656,"Sedalia, MO",MO,48872,,38.7044609,-93.2282613
657,"Paragould, AR",AR,55436,,36.0584021,-90.4973286
658,"Lawrenceburg, TN",TN,59151,,35.2423023,-87.33473889999999
659,"Warren, PA",PA,52149,,41.8143331,-79.29021329999999
660,"El Dorado, AR",AR,43972,,33.20763,-92.6662674
661,"Mountain Home, AR",AR,77604,,36.3353949,-92.381346
662,"Cedartown, GA",GA,52972,,34.0112715,-85.25658229999999
663,"Port Clinton, OH",OH,119536,,41.5119954,-82.93769189999999
664,"El Campo, TX",TX,49207,,29.19664049999999,-96.2696867
665,"Montrose, CO",CO,175146,,38.4783198,-107.8761738
666,"Ellensburg, WA",WA,283945,,46.9965144,-120.5478474
667,"Jacksonville, IL",IL,40328,,39.733936,-90.2290098
668,"Sandpoint, ID",ID,261386,,48.276577,-116.553465
669,"Alice, TX",TX,83003,,27.7522487,-98.0697249
670,"Celina, OH",OH,100792,,40.5489358,-84.5702338
671,"Garden City, KS",KS,90119,,37.9716898,-100.8726618
672,"Marshalltown, IA",IA,40657,,42.0494674,-92.90803749999999
673,"Aberdeen, SD",SD,84890,,45.4646985,-98.4864829
674,"West Plains, MO",MO,82842,,36.7281154,-91.8523711
675,"Cullowhee, NC",NC,154839,,35.3137111,-83.1765333
676,"Espa±ola, NM",NM,160243,,35.9910383,-106.0818233
677,"Riverton, WY",WY,175431,,43.024673,-108.3806054
678,"Tifton, GA",GA,116455,,31.4504629,-83.5084973
679,"Urbana, OH",OH,75380,,40.1083912,-83.7524298
680,"Cambridge, OH",OH,64127,,40.031183,-81.5884561
681,"Okeechobee, FL",FL,72027,,27.2439349,-80.82978279999999
682,"McMinnville, TN",TN,64792,,35.6865889,-85.7801453
683,"Selinsgrove, PA",PA,107283,,40.7989735,-76.8621935
684,"Natchitoches, LA",LA,136852,,31.7607195,-93.08627489999999
685,"Berlin, NH",NH,78629,,44.4686696,-71.18507679999999
686,"Lock Haven, PA",PA,71091,,41.1370133,-77.4469263
687,"Sikeston, MO",MO,66178,,36.876719,-89.5878579
688,"Austin, MN",MN,50338,,43.6666296,-92.97463669999999
689,"Clewiston, FL",FL,65919,,26.7542312,-80.93367529999999
690,"Pittsburg, KS",KS,39214,,37.410884,-94.70496
691,"Defiance, OH",OH,71689,,41.2844933,-84.3557802
692,"Scottsbluff, NE",NE,71462,,41.8666341,-103.6671662
693,"Logansport, IN",IN,42265,,40.7544843,-86.3566659
694,"Pontiac, IL",IL,49064,,40.8808666,-88.62978389999999
695,"Hannibal, MO",MO,60555,,39.7083789,-91.35848159999999
696,"Mount Vernon, IL",IL,47894,,38.3172714,-88.9031201
697,"Houghton, MI",MI,149831,,47.12113309999999,-88.5694182
698,"Union City, TN",TN,37134,,36.4242303,-89.0570096
699,"Sault Ste. Marie, MI",MI,67076,,46.49771150000001,-84.3475876
700,"Vincennes, IN",IN,36634,,38.677269,-87.5286325
701,"Gainesville, TX",TX,153829,,33.62594139999999,-97.1333453
702,"Kill Devil Hills, NC",NC,178473,,36.0307226,-75.6760101
703,"Crawfordsville, IN",IN,66023,,40.0411536,-86.87445160000001
704,"Brownwood, TX",TX,76058,,31.7093197,-98.9911611
705,"Stephenville, TX",TX,98286,,32.2206958,-98.2022633
706,"Americus, GA",GA,109419,,32.0723861,-84.23268759999999
707,"Easton, MD",MD,199888,,38.7742826,-76.0763305
708,"North Platte, NE",NE,63392,,41.1402759,-100.7601454
709,"Newberry, SC",SC,73875,,34.2745833,-81.6187178
710,"Ada, OK",OK,38896,,34.774531,-96.6783449
711,"Moscow, ID",ID,190964,,46.73238749999999,-117.000165
712,"Safford, AZ",AZ,89958,,32.8339546,-109.70758
713,"Murray, KY",KY,69738,,36.6103334,-88.31476099999999
714,"Bennington, VT",VT,146346,,42.8781345,-73.1967741
715,"Huntington, IN",IN,58037,,40.8831011,-85.49747599999999
716,"Mayfield, KY",KY,46715,,36.7417235,-88.6367154
717,"Escanaba, MI",MI,65670,,45.74524659999999,-87.06458010000001
718,"Canton, IL",IL,41853,,40.6331249,-89.3985283
719,"Corinth, MS",MS,87541,,34.9342548,-88.5222702
720,"Astoria, OR",OR,218576,,46.1878841,-123.8312534
721,"Peru, IN",IN,50542,,40.7536528,-86.0688811
722,"Coshocton, OH",OH,80610,,40.2720151,-81.8595756
723,"Newton, IA",IA,66355,,41.7033177,-93.05735330000002
724,"Logan, WV",WV,39556,,37.8487147,-81.9934581
725,"Bay City, TX",TX,135215,,28.9827565,-95.969402
726,"Fremont, NE",NE,71315,,41.4333909,-96.49814669999999
727,"Hutchinson, MN",MN,136543,,44.89254830000001,-94.3692926
728,"Batesville, AR",AR,42927,,35.769799,-91.6409721
729,"Owatonna, MN",MN,77166,,44.0855572,-93.2259349
730,"Vidalia, GA",GA,45301,,32.2176855,-82.4134614
731,"Summit Park, UT",UT,343557,,40.7457117,-111.6131415
732,"Arkansas City-Winfield, KS",KS,37308,,37.0619736,-97.0383712
733,"Laramie, WY",WY,170234,,41.3113669,-105.5911007
734,"Plainview, TX",TX,37829,,34.1847936,-101.7068417
735,"Laurinburg, NC",NC,22872,,34.7740494,-79.46282479999999
736,"Dixon, IL",IL,47246,,41.8389213,-89.47954779999999
737,"Alexandria, MN",MN,134193,,45.8848164,-95.3776663
738,"Newport, TN",TN,102891,,35.9670412,-83.1876578
739,"DeRidder, LA",LA,65828,,30.8463055,-93.2890527
740,"Lebanon, MO",MO,49817,,37.6805967,-92.6637865
741,"Coffeyville, KS",KS,25845,,37.0373005,-95.6163665
742,"Seneca Falls, NY",NY,95283,,42.9106219,-76.7966215
743,"Sulphur Springs, TX",TX,90593,,33.1384479,-95.6010668
744,"Martin, TN",TN,49676,,36.3433965,-88.8503379
745,"Susanville, CA",CA,85593,,40.4162842,-120.6530063
746,"Brookhaven, MS",MS,98216,,31.5790588,-90.4406506
747,"Arcadia, FL",FL,74883,,27.2158826,-81.8584164
748,"Taylorville, IL",IL,40912,,39.548935,-89.294533
749,"Decatur, IN",IN,211689,,40.830603,-84.9291329
750,"Junction City, KS",KS,49323,,39.0286093,-96.83139779999999
751,"Effingham, IL",IL,144144,,39.1200418,-88.5433829
752,"Valley, AL",AL,38086,,32.8187406,-85.1793852
753,"Butte, MT",MT,71940,,46.0038232,-112.5347775
754,"Angola, IN",IN,106630,,41.6347726,-84.9994088
755,"Dodge City, KS",KS,60716,,37.7527982,-100.0170787
756,"Brenham, TX",TX,178946,,30.1668828,-96.39774419999999
757,"Emporia, KS",KS,43262,,38.403903,-96.18166260000001
758,"Jackson, OH",OH,46224,,39.0520169,-82.6365536
759,"Frankfort, IN",IN,52421,,40.2794809,-86.5108355
760,"Brevard, NC",NC,174798,,35.2334472,-82.7342919
761,"Taos, NM",NM,212178,,36.4072485,-105.5730665
762,"Malvern, AR",AR,63209,,34.3623149,-92.81294620000001
763,"Troy, AL",AL,54318,,31.8087678,-85.969951
764,"Wabash, IN",IN,68636,,40.797821,-85.8205411
765,"Cambridge, MD",MD,72581,,38.5631744,-76.0788292
766,"Macomb, IL",IL,37483,,40.4592076,-90.67179709999999
767,"Vernal, UT",UT,193674,,40.4555157,-109.5287479
768,"Kingsville, TX",TX,75916,,27.5158689,-97.85610899999999
769,"Madison, IN",IN,77849,,38.7358933,-85.37995769999999
770,"Mount Pleasant, TX",TX,89524,,33.1567863,-94.96826899999999
771,"Paris, TN",TN,52645,,36.3020023,-88.32671069999999
772,"Columbus, NE",NE,97038,,41.43029730000001,-97.3593904
773,"Brookings, SD",SD,119191,,44.3113573,-96.79838769999999
774,"Kennett, MO",MO,31711,,36.2361762,-90.0556493
775,"Beeville, TX",TX,94241,,28.4008319,-97.7483312
776,"Miami, OK",OK,29057,,36.8745146,-94.8774554
777,"Dayton, TN",TN,80704,,35.4939587,-85.01245349999999
778,"Washington, IN",IN,58186,,38.65921520000001,-87.172789
779,"Camden, AR",AR,33238,,33.5845581,-92.8343294
780,"Jackson, WY",WY,450822,,43.4799291,-110.7624282
781,"Hastings, NE",NE,82141,,40.5862583,-98.38987259999999
782,"Juneau, AK",AK,207680,,58.3019444,-134.4197221
783,"Albert Lea, MN",MN,47025,,43.6478006,-93.3686555
784,"Lewisburg, TN",TN,98638,,35.4492404,-86.7888887
785,"Iron Mountain, MI",MI,84196,,45.8202334,-88.0659603
786,"Lincoln, IL",IL,45110,,40.1483768,-89.3648183
787,"Jesup, GA",GA,80764,,31.6074365,-81.8853924
788,"Kirksville, MO",MO,80013,,40.19475389999999,-92.5832496
789,"Alpena, MI",MI,72717,,45.0616794,-83.4327528
790,"Silver City, NM",NM,113850,,32.770075,-108.280326
791,"Indianola, MS",MS,57243,,33.4509513,-90.6550917
792,"Elkins, WV",WV,59227,,38.92593970000001,-79.8467349
793,"Las Vegas, NM",NM,122594,,35.5942137,-105.2227978
794,"McPherson, KS",KS,75176,,38.3708415,-97.66420869999999
795,"Sheridan, WY",WY,191830,,44.7971939,-106.9561791
796,"Washington Court House, OH",OH,51965,,39.5373688,-83.437579
797,"Van Wert, OH",OH,53822,,40.8694927,-84.58412229999999
798,"Merrill, WI",WI,85964,,45.1805223,-89.683459
799,"Ludington, MI",MI,92927,,43.9552825,-86.4525831
800,"Middlesborough, KY",KY,36328,,36.6072567,-83.7142848
801,"Crescent City, CA",CA,146256,,41.7557501,-124.2025913
802,"North Vernon, IN",IN,69353,,39.006165,-85.6235796
803,"Hays, KS",KS,65575,,38.8791783,-99.3267702
804,"Fort Morgan, CO",CO,106634,,40.2502582,-103.7999509
805,"Mineral Wells, TX",TX,98863,,32.8084605,-98.1128223
806,"Breckenridge, CO",CO,378655,,39.4816537,-106.0383518
807,"Bastrop, LA",LA,26568,,32.7562463,-91.8723497
808,"Bainbridge, GA",GA,40194,,30.9037995,-84.57546990000002
809,"Wauchula, FL",FL,59062,,27.5472589,-81.8114715
810,"Hailey, ID",ID,274934,,43.51962880000001,-114.3153245
811,"Great Bend, KS",KS,31348,,38.3644567,-98.7648073
812,"Weatherford, OK",OK,50750,,35.5261633,-98.7075744
813,"Watertown, SD",SD,102806,,44.8994088,-97.1150732
814,"Thomaston, GA",GA,32473,,32.8881879,-84.3265854
815,"Mountain Home, ID",ID,140970,,43.1329504,-115.6911975
816,"Altus, OK",OK,21222,,34.637765,-99.3340442
817,"Uvalde, TX",TX,122736,,29.20968359999999,-99.7861679
818,"Lexington, NE",NE,80285,,40.7808398,-99.74150449999999
819,"Boone, IA",IA,69142,,42.0597047,-93.8802273
820,"Toccoa, GA",GA,69924,,34.5773206,-83.3323851
821,"Clarksdale, MS",MS,38896,,34.2001086,-90.5709323
822,"Summerville, GA",GA,46420,,34.480642,-85.3477343
823,"Ottawa, KS",KS,56132,,38.615768,-95.2686366
824,"New Ulm, MN",MN,106395,,44.3144394,-94.45930179999999
825,"Marshall, MN",MN,45137,,44.448423,-95.79119159999999
826,"La Grande, OR",OR,133418,,45.3245771,-118.0877188
827,"Greensburg, IN",IN,84013,,39.3372722,-85.483581
828,"Mexico, MO",MO,47601,,39.1730652,-91.887271
829,"Moberly, MO",MO,47038,,39.4183689,-92.43823669999999
830,"The Dalles, OR",OR,183445,,45.5945645,-121.1786823
831,"Deming, NM",NM,46079,,32.2686981,-107.7586404
832,"Fallon, NV",NV,110350,,39.4748693,-118.7770407
833,"Fredericksburg, TX",TX,266717,,30.2752011,-98.8719843
834,"Magnolia, AR",AR,75113,,33.2670725,-93.239334
835,"Campbellsville, KY",KY,52326,,37.3433974,-85.3419069
836,"Connersville, IN",IN,36724,,39.6411589,-85.1410748
837,"Dickinson, ND",ND,126117,,46.8791756,-102.7896242
838,"Spearfish, SD",SD,122545,,44.4908172,-103.8593697
839,"Heber, UT",UT,268688,,40.5070087,-111.4133234
840,"Steamboat Springs, CO",CO,253061,,40.4849769,-106.8317158
841,"Cordele, GA",GA,142221,,31.9635074,-83.7823938
842,"Maryville, MO",MO,60248,,40.3461017,-94.8724706
843,"Arkadelphia, AR",AR,74113,,34.1209292,-93.0537839
844,"Liberal, KS",KS,47633,,37.0430812,-100.920999
845,"Levelland, TX",TX,44823,,33.5873164,-102.37796
846,"Wahpeton, ND",ND,60448,,46.2652367,-96.60590719999999
847,"Mitchell, SD",SD,57157,,43.7094283,-98.0297992
848,"Sterling, CO",CO,85593,,40.6255415,-103.207709
849,"Pampa, TX",TX,43589,,35.5361559,-100.9598709
850,"Yankton, SD",SD,91915,,42.87110879999999,-97.39728129999999
851,"Williston, ND",ND,157018,,48.1469683,-103.6179745
852,"Oskaloosa, IA",IA,42020,,41.2916728,-92.6493595
853,"Brookings, OR",OR,346336,,42.0526114,-124.2839819
854,"Hood River, OR",OR,340764,,45.7067985,-121.528087
855,"Beatrice, NE",NE,46076,,40.2659269,-96.7466913
856,"Borger, TX",TX,31851,,35.6678203,-101.3973876
857,"Elk City, OK",OK,39956,,35.4119944,-99.4042592
858,"Grenada, MS",MS,53118,,33.7690049,-89.8084192
859,"Parsons, KS",KS,26046,,37.34033840000001,-95.2610838
860,"Price, UT",UT,86326,,39.5994095,-110.8107148
861,"Port Lavaca, TX",TX,106360,,28.6149968,-96.6260892
862,"Worthington, MN",MN,80616,,43.6210985,-95.59414360000001
863,"Pierre, SD",SD,113587,,44.36678759999999,-100.3537522
864,"Evanston, WY",WY,128028,,41.2682794,-110.9632373
865,"Jamestown, ND",ND,107016,,46.9105438,-98.7084357
866,"Prineville, OR",OR,168186,,44.2998485,-120.8344664
867,"Guymon, OK",OK,46882,,36.6828041,-101.4815493
868,"Storm Lake, IA",IA,56303,,42.6430359,-95.2019399
869,"Woodward, OK",OK,41012,,36.4336481,-99.3903862
870,"Portales, NM",NM,68754,,34.1861922,-103.3343978
871,"Othello, WA",WA,55754,,46.8259742,-119.1752913
872,"Los Alamos, NM",NM,140661,,35.8800364,-106.3031138
873,"Fitzgerald, GA",GA,88158,,31.7149082,-83.25265449999999
874,"Maysville, KY",KY,35669,,38.6411854,-83.744365
875,"Huron, SD",SD,64798,,44.3633173,-98.21425719999999
876,"Atchison, KS",KS,40442,,39.5630521,-95.12163559999999
877,"Snyder, TX",TX,51896,,32.7178862,-100.9176184
878,"Fairfield, IA",IA,73961,,41.00761139999999,-91.9636914
879,"Spencer, IA",IA,58350,,43.1450748,-95.144318
880,"Spirit Lake, IA",IA,131926,,43.4226192,-95.1022313
881,"Vineyard Haven, MA",MA,588916,,41.4542786,-70.6036395
882,"Winnemucca, NV",NV,126481,,40.9729584,-117.7356849
883,"Sweetwater, TX",TX,66077,,32.4709519,-100.4059384
884,"Vermillion, SD",SD,93398,,42.7794417,-96.9292104
885,"Craig, CO",CO,89744,,40.5152491,-107.5464541
886,"Ketchikan, AK",AK,80789,,55.34222219999999,-131.6461112
